c_inst_name_code,c_inst_code,c_inst_code_new,c_new_new_code
0,0,0,0
1,52,1,1
1,60,2,2
2,453,1,3
3,391,1,4
4,153,1,5
5,454,1,6
6,15,1,7
7,154,1,8
8,47,1,9
9,34,1,10
10,131,1,11
11,414,1,12
11,140233,2,13
12,114,1,14
13,155,1,15
14,16,1,16
15,156,1,17
16,133,1,18
17,157,1,19
18,158,1,20
19,434,1,21
19,139191,2,22
19,140353,3,23
20,426,1,24
20,138776,2,25
21,266,1,26
21,362,2,27
21,138778,3,28
21,139551,4,29
21,139679,5,30
21,139771,6,31
21,139785,7,32
21,139826,8,33
21,139922,9,34
21,139970,10,35
21,139996,11,36
21,140081,12,37
21,140175,13,38
21,140258,14,39
21,140371,15,40
21,140446,16,41
21,140461,17,42
22,331,1,43
22,140152,2,44
22,140387,3,45
23,455,1,46
24,265,1,47
25,394,1,48
26,400,1,49
26,456,2,50
26,138557,3,51
26,138558,4,52
26,139543,5,53
26,139786,6,54
26,139827,7,55
27,421,1,56
27,139865,2,57
28,314,1,58
28,138548,2,59
29,100,1,60
30,378,1,61
31,330,1,62
32,363,1,63
33,159,1,64
34,160,1,65
35,218,1,66
35,219,2,67
36,78,1,68
37,316,1,69
38,161,1,70
39,162,1,71
40,27,1,72
41,401,1,73
42,42,1,74
43,302,1,75
44,80,1,76
45,163,1,77
46,364,1,78
46,138772,2,79
46,139402,3,80
46,139799,4,81
46,139841,5,82
46,139977,6,83
47,267,1,84
47,323,2,85
48,457,1,86
49,417,1,87
49,138626,2,88
49,138627,3,89
49,138628,4,90
49,139466,5,91
49,139701,6,92
49,139853,7,93
49,140012,8,94
49,140088,9,95
49,140105,10,96
50,372,1,97
51,268,1,98
52,301,1,99
53,164,1,100
54,109,1,101
55,101,1,102
56,14,1,103
56,57,2,104
56,82,3,105
57,141,1,106
58,7,1,107
58,55,2,108
59,332,1,109
60,291,1,110
60,138743,2,111
60,138744,3,112
60,138745,4,113
60,138746,5,114
60,139429,6,115
60,139463,7,116
60,139683,8,117
60,139847,9,118
60,139848,10,119
61,317,1,120
61,138433,2,121
61,140400,3,122
62,365,1,123
63,458,1,124
64,269,1,125
65,166,1,126
66,306,1,127
67,422,1,128
68,379,1,129
69,288,1,130
70,167,1,131
71,63,1,132
72,48,1,133
73,103,1,134
74,270,1,135
75,423,1,136
75,444,2,137
76,165,1,138
77,387,1,139
78,287,1,140
78,138405,2,141
78,138406,3,142
78,138407,4,143
78,138408,5,144
78,138409,6,145
78,138410,7,146
78,139565,8,147
78,140557,9,148
79,298,1,149
80,168,1,150
81,459,1,151
82,53,1,152
83,112,1,153
84,460,1,154
85,366,1,155
86,388,1,156
86,399,2,157
87,169,1,158
88,95,1,159
89,171,1,160
90,9,1,161
90,146,2,162
90,172,3,163
91,173,1,164
92,170,1,165
93,174,1,166
94,175,1,167
95,177,1,168
96,130,1,169
97,176,1,170
98,145,1,171
99,416,1,172
100,178,1,173
101,358,1,174
101,138936,2,175
101,139473,3,176
102,281,1,177
102,138591,2,178
103,308,1,179
104,179,1,180
105,67,1,181
106,318,1,182
107,389,1,183
108,1,1,184
109,461,1,185
110,286,1,186
111,325,1,187
112,369,1,188
112,139129,2,189
112,139130,3,190
112,139131,4,191
112,139825,5,192
112,139908,6,193
113,351,1,194
114,315,1,195
115,33,1,196
116,180,1,197
117,24,1,198
118,333,1,199
119,181,1,200
120,182,1,201
121,395,1,202
122,271,1,203
123,272,1,204
123,139728,2,205
124,380,1,206
125,184,1,207
126,89,1,208
127,13,1,209
127,185,2,210
127,186,3,211
128,183,1,212
129,359,1,213
130,436,1,214
131,90,1,215
132,187,1,216
133,21,1,217
133,38,2,218
133,108,3,219
134,375,1,220
135,188,1,221
136,189,1,222
137,441,1,223
138,307,1,224
138,313,2,225
138,138962,3,226
138,138963,4,227
138,138964,5,228
138,138965,6,229
138,138966,7,230
138,138967,8,231
138,138968,9,232
139,409,1,233
140,190,1,234
141,4,1,235
142,122,1,236
143,51,1,237
144,191,1,238
145,279,1,239
145,289,2,240
145,138322,3,241
145,138323,4,242
145,138324,5,243
145,138325,6,244
145,138326,7,245
145,138327,8,246
145,140033,9,247
145,140283,10,248
145,140454,11,249
146,17,1,250
147,463,1,251
147,138766,2,252
147,140027,3,253
148,462,1,254
148,138740,2,255
149,334,1,256
149,138763,2,257
150,192,1,258
151,464,1,259
152,99,1,260
152,193,2,261
153,407,1,262
153,408,2,263
154,465,1,264
155,320,1,265
155,140300,2,266
156,116,1,267
157,403,1,268
157,139691,2,269
158,328,1,270
159,336,1,271
159,139665,2,272
160,377,1,273
161,420,1,274
162,299,1,275
162,402,2,276
162,466,3,277
162,138850,4,278
162,138851,5,279
162,139595,6,280
162,139624,7,281
162,139682,8,282
163,418,1,283
164,303,1,284
164,138853,2,285
164,138854,3,286
165,467,1,287
165,138304,2,288
165,139627,3,289
165,139800,4,290
165,140010,5,291
166,335,1,292
167,392,1,293
168,262,1,294
168,138303,2,295
169,195,1,296
170,106,1,297
171,337,1,298
172,261,1,299
173,196,1,300
174,194,1,301
175,297,1,302
175,140466,2,303
176,98,1,304
177,424,1,305
178,11,1,306
178,92,2,307
179,404,1,308
180,296,1,309
181,5,1,310
182,431,1,311
182,433,2,312
182,448,3,313
182,138686,4,314
182,138687,5,315
182,138688,6,316
182,138689,7,317
182,138690,8,318
182,138691,9,319
182,138692,10,320
182,138693,11,321
182,138694,12,322
182,138695,13,323
182,138696,14,324
182,138697,15,325
182,138698,16,326
182,138699,17,327
182,138700,18,328
182,138701,19,329
182,138702,20,330
182,138703,21,331
182,138704,22,332
182,138705,23,333
182,138706,24,334
182,138707,25,335
182,139386,26,336
182,139502,27,337
182,139548,28,338
182,139889,29,339
182,139948,30,340
182,139972,31,341
182,140025,32,342
182,140093,33,343
182,140141,34,344
182,140155,35,345
182,140214,36,346
182,140238,37,347
182,140262,38,348
182,140508,39,349
183,22,1,350
184,126,1,351
185,74,1,352
186,97,1,353
187,197,1,354
188,198,1,355
189,468,1,356
189,138886,2,357
190,201,1,358
191,83,1,359
191,96,2,360
191,127,3,361
191,139,4,362
192,202,1,363
193,469,1,364
194,263,1,365
194,264,2,366
195,338,1,367
195,140017,2,368
196,440,1,369
197,107,1,370
198,121,1,371
199,200,1,372
200,199,1,373
201,203,1,374
202,62,1,375
203,374,1,376
203,139622,2,377
204,46,1,378
205,410,1,379
206,204,1,380
207,411,1,381
207,139355,2,382
207,139525,3,383
207,139659,4,384
207,140228,5,385
207,140382,6,386
208,129,1,387
209,205,1,388
210,405,1,389
210,139360,2,390
210,139361,3,391
210,139362,4,392
210,139363,5,393
210,139364,6,394
210,139365,7,395
210,139366,8,396
210,139367,9,397
210,139368,10,398
210,139369,11,399
210,139370,12,400
210,139371,13,401
210,139372,14,402
210,139373,15,403
210,139374,16,404
210,139375,17,405
210,139561,18,406
210,139773,19,407
210,140519,20,408
211,470,1,409
212,132,1,410
213,425,1,411
214,282,1,412
214,139346,2,413
214,139347,3,414
214,139348,4,415
214,139349,5,416
214,139350,6,417
214,139351,7,418
214,139352,8,419
214,139353,9,420
214,139354,10,421
214,139790,11,422
214,139838,12,423
214,139912,13,424
214,139913,14,425
214,140165,15,426
214,140237,16,427
215,206,1,428
216,208,1,429
217,207,1,430
218,12,1,431
218,81,2,432
219,339,1,433
219,140082,2,434
220,137,1,435
221,40,1,436
222,209,1,437
223,43,1,438
224,210,1,439
225,6,1,440
226,211,1,441
227,86,1,442
228,471,1,443
229,273,1,444
230,25,1,445
231,49,1,446
232,136,1,447
233,56,1,448
234,406,1,449
235,450,1,450
235,138339,2,451
236,212,1,452
237,104,1,453
237,213,2,454
238,59,1,455
238,214,2,456
239,28,1,457
239,215,2,458
240,10,1,459
240,216,2,460
241,66,1,461
242,371,1,462
242,438,2,463
242,472,3,464
242,139185,4,465
242,139520,5,466
242,139563,6,467
242,139620,7,468
242,139654,8,469
242,139966,9,470
242,140515,10,471
243,217,1,472
244,149,1,473
245,44,1,474
246,321,1,475
246,139090,2,476
246,139091,3,477
246,140293,4,478
247,20,1,479
248,119,1,480
249,30,1,481
250,54,1,482
251,428,1,483
251,139919,2,484
252,292,1,485
252,138833,2,486
252,138834,3,487
252,138835,4,488
252,138836,5,489
252,138837,6,490
252,139497,7,491
252,139768,8,492
252,139824,9,493
252,139969,10,494
252,140345,11,495
253,439,1,496
253,138830,2,497
253,138831,3,498
253,139450,4,499
253,139930,5,500
253,140245,6,501
253,140528,7,502
254,293,1,503
254,138822,2,504
254,138823,3,505
254,138824,4,506
254,138825,5,507
254,139602,6,508
255,473,1,509
256,220,1,510
257,373,1,511
258,376,1,512
258,138839,2,513
258,138840,3,514
258,138841,4,515
258,138842,5,516
258,138843,6,517
258,138844,7,518
259,221,1,519
260,222,1,520
261,128,1,521
262,223,1,522
263,226,1,523
264,381,1,524
264,138982,2,525
264,138983,3,526
264,138984,4,527
264,138985,5,528
264,138986,6,529
264,138987,7,530
264,138988,8,531
264,138989,9,532
264,138990,10,533
264,138991,11,534
264,138992,12,535
264,138993,13,536
264,138994,14,537
264,139667,15,538
264,140318,16,539
265,274,1,540
265,139380,2,541
266,224,1,542
267,225,1,543
268,29,1,544
269,111,1,545
270,140,1,546
271,69,1,547
272,61,1,548
272,125,2,549
273,368,1,550
274,474,1,551
275,304,1,552
276,39,1,553
277,102,1,554
278,367,1,555
279,118,1,556
280,58,1,557
280,94,2,558
281,284,1,559
282,352,1,560
283,84,1,561
284,340,1,562
285,412,1,563
286,283,1,564
287,227,1,565
288,341,1,566
288,139885,2,567
289,349,1,568
290,396,1,569
290,397,2,570
290,138384,3,571
290,138385,4,572
290,139979,5,573
290,140001,6,574
290,140036,7,575
290,140183,8,576
290,140452,9,577
291,23,1,578
291,228,2,579
291,229,3,580
292,353,1,581
292,139096,2,582
292,139097,3,583
292,139098,4,584
292,139099,5,585
292,139100,6,586
292,139101,7,587
292,139102,8,588
292,139783,9,589
292,140426,10,590
293,230,1,591
294,65,1,592
295,231,1,593
296,32,1,594
296,87,2,595
297,232,1,596
298,45,1,597
299,135,1,598
300,233,1,599
301,31,1,600
302,350,1,601
303,310,1,602
304,342,1,603
304,138577,2,604
304,138578,3,605
304,138579,4,606
304,138580,5,607
304,138581,6,608
304,138582,7,609
304,140056,8,610
305,72,1,611
306,138,1,612
307,446,1,613
307,138342,2,614
307,138343,3,615
308,77,1,616
309,36,1,617
310,354,1,618
310,139781,2,619
311,343,1,620
312,123,1,621
313,79,1,622
314,435,1,623
315,64,1,624
316,147,1,625
317,235,1,626
318,234,1,627
319,275,1,628
320,142,1,629
321,344,1,630
322,278,1,631
322,445,2,632
322,138487,3,633
323,345,1,634
324,120,1,635
324,236,2,636
325,452,1,637
326,285,1,638
326,355,2,639
326,360,3,640
326,138460,4,641
326,138461,5,642
326,138462,6,643
326,138463,7,644
326,138464,8,645
326,138465,9,646
326,138466,10,647
326,138467,11,648
326,138468,12,649
326,138469,13,650
326,138470,14,651
326,138471,15,652
326,138472,16,653
326,138473,17,654
326,138474,18,655
326,138475,19,656
326,138476,20,657
326,139396,21,658
326,139482,22,659
326,139493,23,660
326,139537,24,661
326,139558,25,662
326,139610,26,663
326,139646,27,664
326,139874,28,665
326,140031,29,666
326,140241,30,667
326,140244,31,668
327,276,1,669
327,138482,2,670
327,140070,3,671
328,382,1,672
328,475,2,673
329,451,1,674
330,237,1,675
331,290,1,676
332,476,1,677
333,322,1,678
333,324,2,679
333,447,3,680
333,138158,4,681
333,138159,5,682
333,138160,6,683
333,138161,7,684
333,138162,8,685
333,138163,9,686
333,138164,10,687
333,139787,11,688
333,140022,12,689
333,140087,13,690
333,140089,14,691
333,140187,15,692
333,140259,16,693
333,140268,17,694
333,140388,18,695
333,140414,19,696
333,140448,20,697
333,140517,21,698
333,140531,22,699
334,18,1,700
335,238,1,701
336,239,1,702
337,3,1,703
338,124,1,704
339,294,1,705
339,138789,2,706
339,138790,3,707
339,138791,4,708
339,140021,5,709
339,140392,6,710
340,93,1,711
341,240,1,712
342,242,1,713
343,442,1,714
344,241,1,715
345,75,1,716
346,347,1,717
347,246,1,718
348,356,1,719
348,139121,2,720
348,139535,3,721
348,139549,4,722
348,140011,5,723
348,140079,6,724
349,37,1,725
350,346,1,726
350,138227,2,727
351,8,1,728
352,478,1,729
353,479,1,730
354,430,1,731
354,139218,2,732
354,140013,3,733
355,105,1,734
355,243,2,735
356,113,1,736
357,348,1,737
357,138290,2,738
357,138291,3,739
357,138292,4,740
357,138293,5,741
357,138294,6,742
357,139648,7,743
357,139833,8,744
357,139951,9,745
357,140521,10,746
358,427,1,747
359,429,1,748
360,244,1,749
361,415,1,750
362,245,1,751
363,477,1,752
364,117,1,753
365,68,1,754
366,449,1,755
367,144,1,756
368,383,1,757
368,480,2,758
369,70,1,759
370,50,1,760
371,247,1,761
372,143,1,762
373,481,1,763
373,138679,2,764
374,248,1,765
375,326,1,766
375,384,2,767
375,138677,3,768
375,138678,4,769
375,139568,5,770
376,385,1,771
376,138674,2,772
376,138675,3,773
376,138676,4,774
376,139477,5,775
377,249,1,776
378,148,1,777
379,252,1,778
380,251,1,779
381,250,1,780
382,311,1,781
383,71,1,782
384,370,1,783
385,150,1,784
386,277,1,785
387,482,1,786
388,361,1,787
389,295,1,788
390,115,1,789
391,305,1,790
391,138375,2,791
391,138376,3,792
391,138377,4,793
392,319,1,794
393,309,1,795
393,138378,2,796
393,139556,3,797
393,139879,4,798
393,140282,5,799
393,140310,6,800
393,140420,7,801
393,140430,8,802
394,2,1,803
395,390,1,804
395,139489,2,805
396,76,1,806
397,19,1,807
398,312,1,808
399,484,1,809
400,253,1,810
401,91,1,811
402,300,1,812
403,483,1,813
404,254,1,814
405,419,1,815
406,256,1,816
407,257,1,817
408,255,1,818
409,327,1,819
409,139434,2,820
410,258,1,821
411,134,1,822
412,413,1,823
412,139438,2,824
412,139465,3,825
412,139597,4,826
412,139666,5,827
413,35,1,828
414,329,1,829
415,386,1,830
416,485,1,831
416,138926,2,832
416,138927,3,833
416,139445,4,834
416,139993,5,835
416,140086,6,836
416,140216,7,837
417,280,1,838
418,486,1,839
419,393,1,840
419,398,2,841
420,259,1,842
421,85,1,843
422,151,1,844
423,443,1,845
423,139243,2,846
423,139244,3,847
423,139245,4,848
423,139625,5,849
423,139709,6,850
423,139964,7,851
423,140009,8,852
423,140181,9,853
424,357,1,854
424,139241,2,855
424,139242,3,856
424,139464,4,857
424,140049,5,858
425,437,1,859
425,140272,2,860
426,152,1,861
427,260,1,862
428,41,1,863
428,73,2,864
429,432,1,865
430,88,1,866
431,110,1,867
432,26,1,868
433,140052,1,869
434,139400,1,870
435,140429,1,871
436,138307,1,872
437,138308,1,873
438,138309,1,874
438,138310,2,875
438,138311,3,876
439,139424,1,877
440,140176,1,878
441,139722,1,879
442,139877,1,880
442,140490,2,881
443,138312,1,882
443,140495,2,883
444,140085,1,884
445,139640,1,885
446,138313,1,886
447,139585,1,887
448,138315,1,888
449,140533,1,889
450,138316,1,890
450,138317,2,891
451,138318,1,892
452,138319,1,893
453,138320,1,894
454,138321,1,895
455,140174,1,896
456,140020,1,897
457,138332,1,898
458,138333,1,899
458,140015,2,900
458,140524,3,901
459,140513,1,902
460,138334,1,903
461,138335,1,904
461,138336,2,905
461,140504,3,906
462,138337,1,907
463,138338,1,908
464,139550,1,909
465,138340,1,910
466,140198,1,911
467,139600,1,912
468,139967,1,913
469,140510,1,914
470,139940,1,915
471,138349,1,916
472,138350,1,917
473,138351,1,918
474,139999,1,919
475,138352,1,920
475,138353,2,921
475,138354,3,922
475,139707,4,923
475,139755,5,924
475,140455,6,925
476,140340,1,926
477,139661,1,927
478,139929,1,928
479,139860,1,929
480,138355,1,930
481,138356,1,931
482,139880,1,932
483,140122,1,933
484,138357,1,934
485,139796,1,935
486,140110,1,936
487,138358,1,937
487,140026,2,938
488,139766,1,939
489,139821,1,940
490,139859,1,941
491,140537,1,942
492,140194,1,943
492,140442,2,944
493,138359,1,945
494,138360,1,946
494,140534,2,947
495,138361,1,948
496,140069,1,949
497,138363,1,950
498,138364,1,951
499,138365,1,952
500,140319,1,953
501,138362,1,954
502,139998,1,955
502,140046,2,956
503,139690,1,957
504,139398,1,958
504,139987,2,959
505,138366,1,960
506,140538,1,961
507,139741,1,962
508,140285,1,963
509,138367,1,964
509,138368,2,965
509,138369,3,966
510,140269,1,967
510,140431,2,968
510,140482,3,969
510,140491,4,970
510,140502,5,971
511,139533,1,972
512,138371,1,973
513,138372,1,974
514,138373,1,975
515,138374,1,976
515,139423,2,977
516,138370,1,978
517,138393,1,979
518,138394,1,980
519,138395,1,981
520,138396,1,982
521,138397,1,983
522,138595,1,984
523,138779,1,985
524,139750,1,986
525,138398,1,987
526,138399,1,988
527,140342,1,989
528,138586,1,990
529,138584,1,991
529,138585,2,992
529,139534,3,993
529,139840,4,994
529,140267,5,995
530,138587,1,996
530,139382,2,997
531,139572,1,998
531,139626,2,999
531,140018,3,1000
532,139433,1,1001
533,138588,1,1002
533,138589,2,1003
534,138583,1,1004
535,139684,1,1005
536,139798,1,1006
536,139988,2,1007
537,138590,1,1008
538,138400,1,1009
539,140264,1,1010
540,139762,1,1011
541,138401,1,1012
542,139536,1,1013
543,139694,1,1014
544,139513,1,1015
545,138402,1,1016
546,138403,1,1017
546,138404,2,1018
546,139685,3,1019
547,139856,1,1020
548,138412,1,1021
548,138413,2,1022
548,139444,3,1023
548,140050,4,1024
548,140232,5,1025
548,140511,6,1026
549,140003,1,1027
550,138414,1,1028
551,138416,1,1029
552,138417,1,1030
553,138418,1,1031
554,138419,1,1032
555,138420,1,1033
555,138421,2,1034
555,139512,3,1035
556,140119,1,1036
557,138439,1,1037
558,138440,1,1038
559,140522,1,1039
560,138426,1,1040
560,138427,2,1041
560,139578,3,1042
560,139763,4,1043
560,140427,5,1044
561,138428,1,1045
562,138424,1,1046
562,138425,2,1047
563,139511,1,1048
564,138429,1,1049
564,138430,2,1050
564,139716,3,1051
564,139936,4,1052
564,139954,5,1053
564,140171,6,1054
564,140443,7,1055
565,138431,1,1056
566,138432,1,1057
567,140527,1,1058
568,138434,1,1059
569,140041,1,1060
569,140090,2,1061
570,138435,1,1062
571,138436,1,1063
572,138437,1,1064
572,139980,2,1065
573,138438,1,1066
574,140132,1,1067
575,138441,1,1068
575,138442,2,1069
575,140030,3,1070
576,138443,1,1071
577,139609,1,1072
578,139835,1,1073
579,139935,1,1074
580,138444,1,1075
581,138445,1,1076
582,140172,1,1077
583,138422,1,1078
583,138423,2,1079
583,140014,3,1080
584,140409,1,1081
585,138415,1,1082
586,140320,1,1083
587,139747,1,1084
588,138446,1,1085
588,138447,2,1086
588,138448,3,1087
588,138449,4,1088
588,138450,5,1089
588,138451,6,1090
588,138452,7,1091
588,140019,8,1092
588,140029,9,1093
588,140256,10,1094
589,138453,1,1095
589,139764,2,1096
589,140184,3,1097
590,138454,1,1098
591,140196,1,1099
592,139480,1,1100
593,139514,1,1101
594,138411,1,1102
595,140488,1,1103
596,140512,1,1104
597,139617,1,1105
598,140144,1,1106
599,138480,1,1107
600,138477,1,1108
600,138478,2,1109
600,138479,3,1110
601,140134,1,1111
602,138457,1,1112
602,138458,2,1113
602,138459,3,1114
602,139470,4,1115
602,139635,5,1116
603,140332,1,1117
604,139494,1,1118
605,138481,1,1119
606,140368,1,1120
607,138483,1,1121
608,139928,1,1122
609,138455,1,1123
610,138484,1,1124
610,138485,2,1125
610,138486,3,1126
610,139599,4,1127
610,140043,5,1128
611,139896,1,1129
612,139809,1,1130
613,139447,1,1131
614,138456,1,1132
614,139481,2,1133
615,139517,1,1134
616,139448,1,1135
617,138488,1,1136
618,138489,1,1137
619,138490,1,1138
619,138491,2,1139
620,138499,1,1140
621,138492,1,1141
621,138493,2,1142
621,138494,3,1143
621,138495,4,1144
621,138496,5,1145
621,138497,6,1146
621,138498,7,1147
621,139629,8,1148
621,139669,9,1149
621,139678,10,1150
621,139732,11,1151
621,139906,12,1152
621,140133,13,1153
622,140291,1,1154
623,139748,1,1155
624,138500,1,1156
625,138501,1,1157
626,138503,1,1158
627,138504,1,1159
627,138505,2,1160
628,138502,1,1161
629,140257,1,1162
630,140364,1,1163
631,138507,1,1164
632,138508,1,1165
632,140112,2,1166
633,138510,1,1167
634,138509,1,1168
635,138506,1,1169
636,139687,1,1170
637,140395,1,1171
638,138511,1,1172
638,138512,2,1173
639,139788,1,1174
640,140007,1,1175
641,138513,1,1176
642,138514,1,1177
643,138515,1,1178
644,138516,1,1179
645,140496,1,1180
646,138517,1,1181
647,138522,1,1182
647,138523,2,1183
647,138524,3,1184
647,138525,4,1185
647,139418,5,1186
647,139737,6,1187
647,140148,7,1188
647,140552,8,1189
648,138526,1,1190
648,140053,2,1191
649,139587,1,1192
650,138527,1,1193
651,138528,1,1194
652,139491,1,1195
653,140348,1,1196
654,138529,1,1197
655,138530,1,1198
656,138531,1,1199
657,140289,1,1200
658,140057,1,1201
659,138532,1,1202
660,138533,1,1203
660,139749,2,1204
661,138534,1,1205
661,138535,2,1206
661,138536,3,1207
661,139994,4,1208
662,138537,1,1209
662,138538,2,1210
663,139389,1,1211
664,140106,1,1212
665,140280,1,1213
666,138571,1,1214
666,139432,2,1215
667,139544,1,1216
667,139867,2,1217
668,138572,1,1218
669,139529,1,1219
670,139705,1,1220
671,138573,1,1221
672,138574,1,1222
673,138575,1,1223
673,138576,2,1224
674,138518,1,1225
675,138519,1,1226
675,138520,2,1227
675,140060,3,1228
675,140224,4,1229
676,138521,1,1230
677,140548,1,1231
678,139697,1,1232
679,138543,1,1233
679,138544,2,1234
679,140227,3,1235
680,138539,1,1236
680,138540,2,1237
680,139523,3,1238
680,140154,4,1239
681,138546,1,1240
682,139385,1,1241
683,138547,1,1242
684,140281,1,1243
685,138549,1,1244
685,138550,2,1245
685,138551,3,1246
685,138552,4,1247
685,139584,5,1248
686,138553,1,1249
686,138554,2,1250
686,140199,3,1251
687,138555,1,1252
687,139638,2,1253
688,138556,1,1254
689,138559,1,1255
690,139696,1,1256
691,138560,1,1257
691,138561,2,1258
691,138562,3,1259
691,138563,4,1260
691,138564,5,1261
691,139524,6,1262
691,140447,7,1263
692,138565,1,1264
692,139592,2,1265
692,139639,3,1266
692,139680,4,1267
692,140213,5,1268
693,138566,1,1269
694,138567,1,1270
694,138568,2,1271
695,140100,1,1272
696,138545,1,1273
696,139499,2,1274
696,139686,3,1275
696,139815,4,1276
696,140068,5,1277
697,139405,1,1278
698,138569,1,1279
699,140530,1,1280
700,138570,1,1281
701,139721,1,1282
702,138541,1,1283
702,138542,2,1284
702,139583,3,1285
703,139997,1,1286
704,138592,1,1287
705,138593,1,1288
706,139651,1,1289
706,140352,2,1290
707,139850,1,1291
708,138594,1,1292
709,140142,1,1293
710,138596,1,1294
711,138597,1,1295
712,138598,1,1296
713,138599,1,1297
714,138600,1,1298
715,139845,1,1299
716,138601,1,1300
717,139490,1,1301
718,140219,1,1302
719,139677,1,1303
720,138605,1,1304
720,138606,2,1305
721,138607,1,1306
721,139990,2,1307
722,138608,1,1308
723,138614,1,1309
723,138615,2,1310
724,138613,1,1311
725,138612,1,1312
725,139415,2,1313
725,139820,3,1314
725,140223,4,1315
725,140425,5,1316
726,138616,1,1317
726,138617,2,1318
726,139645,3,1319
727,138618,1,1320
727,138619,2,1321
728,138620,1,1322
729,138621,1,1323
729,138622,2,1324
729,138623,3,1325
730,138624,1,1326
731,138625,1,1327
732,138629,1,1328
733,138609,1,1329
733,138610,2,1330
733,138611,3,1331
733,140350,4,1332
734,138630,1,1333
734,138631,2,1334
734,139676,3,1335
735,138602,1,1336
735,138603,2,1337
735,138604,3,1338
735,139991,4,1339
736,138632,1,1340
737,138633,1,1341
738,138634,1,1342
739,138635,1,1343
740,140498,1,1344
741,140441,1,1345
742,140378,1,1346
743,140542,1,1347
744,140543,1,1348
745,140544,1,1349
746,138636,1,1350
746,140469,2,1351
746,140555,3,1352
747,140363,1,1353
748,140494,1,1354
749,138637,1,1355
749,139752,2,1356
750,138638,1,1357
751,139837,1,1358
752,138664,1,1359
752,138665,2,1360
752,139804,3,1361
753,138639,1,1362
754,138640,1,1363
755,140373,1,1364
756,138641,1,1365
757,139632,1,1366
758,138643,1,1367
758,138644,2,1368
758,138645,3,1369
759,138646,1,1370
760,140055,1,1371
761,139915,1,1372
762,138648,1,1373
762,139479,2,1374
762,139507,3,1375
763,138649,1,1376
763,140008,2,1377
763,140074,3,1378
764,138647,1,1379
764,139673,2,1380
765,138650,1,1381
765,138651,2,1382
765,138652,3,1383
765,138653,4,1384
765,138654,5,1385
765,139411,6,1386
765,139882,7,1387
766,140091,1,1388
766,140276,2,1389
766,140329,3,1390
767,138655,1,1391
767,138656,2,1392
767,138657,3,1393
767,140240,4,1394
768,138658,1,1395
769,138659,1,1396
769,138660,2,1397
769,138661,3,1398
769,139758,4,1399
769,139916,5,1400
769,140150,6,1401
769,140385,7,1402
769,140397,8,1403
770,138642,1,1404
771,138662,1,1405
772,138663,1,1406
773,138673,1,1407
774,139528,1,1408
775,140192,1,1409
775,140203,2,1410
776,138680,1,1411
776,138681,2,1412
776,140108,3,1413
777,138682,1,1414
778,140162,1,1415
779,138683,1,1416
780,138684,1,1417
781,138723,1,1418
782,138724,1,1419
783,138725,1,1420
783,138726,2,1421
784,138727,1,1422
784,138728,2,1423
785,138729,1,1424
785,138730,2,1425
785,138731,3,1426
786,138732,1,1427
787,138733,1,1428
788,138734,1,1429
789,140367,1,1430
790,138735,1,1431
791,140554,1,1432
792,138736,1,1433
793,138738,1,1434
794,139531,1,1435
795,138739,1,1436
796,139831,1,1437
797,140149,1,1438
798,138741,1,1439
799,139460,1,1440
800,139040,1,1441
801,138742,1,1442
802,140346,1,1443
803,138747,1,1444
804,139430,1,1445
805,139674,1,1446
805,139759,2,1447
805,140468,3,1448
806,138748,1,1449
807,138750,1,1450
807,140104,2,1451
808,138753,1,1452
809,138754,1,1453
810,138755,1,1454
811,138751,1,1455
811,138752,2,1456
811,140360,3,1457
812,140039,1,1458
813,138756,1,1459
813,139884,2,1460
814,138757,1,1461
814,138758,2,1462
815,138759,1,1463
816,138760,1,1464
817,138749,1,1465
818,138761,1,1466
819,138762,1,1467
820,139883,1,1468
821,139643,1,1469
822,138764,1,1470
823,138765,1,1471
824,140252,1,1472
825,138767,1,1473
826,138768,1,1474
827,138769,1,1475
828,138770,1,1476
829,138668,1,1477
829,139530,2,1478
830,138669,1,1479
831,138670,1,1480
832,139505,1,1481
833,138666,1,1482
833,138667,2,1483
834,140113,1,1484
835,139569,1,1485
836,138672,1,1486
837,138671,1,1487
838,138737,1,1488
839,138771,1,1489
840,139501,1,1490
841,138773,1,1491
842,138774,1,1492
843,138780,1,1493
844,140546,1,1494
845,138781,1,1495
846,138782,1,1496
847,138783,1,1497
848,140315,1,1498
849,138784,1,1499
850,140163,1,1500
851,138785,1,1501
852,140355,1,1502
853,138786,1,1503
854,138787,1,1504
855,138788,1,1505
855,140335,2,1506
856,138792,1,1507
857,138793,1,1508
857,138794,2,1509
858,138795,1,1510
859,138796,1,1511
860,139606,1,1512
861,139866,1,1513
861,140099,2,1514
861,140413,3,1515
862,138797,1,1516
863,138798,1,1517
864,140063,1,1518
865,139854,1,1519
866,138802,1,1520
867,138803,1,1521
867,139589,2,1522
867,139711,3,1523
868,138804,1,1524
869,138805,1,1525
869,139487,2,1526
869,139540,3,1527
870,139657,1,1528
871,139553,1,1529
872,138806,1,1530
873,139641,1,1531
874,139868,1,1532
875,138807,1,1533
876,139688,1,1534
877,138808,1,1535
878,138809,1,1536
879,139383,1,1537
880,138810,1,1538
881,138811,1,1539
881,139743,2,1540
882,138813,1,1541
883,138814,1,1542
883,139435,2,1543
884,138812,1,1544
885,139976,1,1545
886,138818,1,1546
886,138819,2,1547
887,138820,1,1548
887,139559,2,1549
887,139943,3,1550
887,140084,4,1551
888,140151,1,1552
889,139695,1,1553
889,139920,2,1554
889,139955,3,1555
890,139876,1,1556
891,138821,1,1557
892,140545,1,1558
893,138827,1,1559
894,139983,1,1560
894,140061,2,1561
895,140516,1,1562
896,138826,1,1563
897,138828,1,1564
897,138829,2,1565
898,138817,1,1566
899,138832,1,1567
900,138838,1,1568
901,140479,1,1569
902,138845,1,1570
903,139655,1,1571
903,140159,2,1572
904,139404,1,1573
905,139580,1,1574
906,138846,1,1575
906,138847,2,1576
906,140334,3,1577
907,138848,1,1578
908,138849,1,1579
909,139968,1,1580
910,139995,1,1581
911,140278,1,1582
912,138852,1,1583
913,139925,1,1584
914,140034,1,1585
915,139857,1,1586
916,139652,1,1587
917,138855,1,1588
918,138856,1,1589
918,138857,2,1590
919,140042,1,1591
920,140422,1,1592
921,140205,1,1593
922,139851,1,1594
923,139962,1,1595
924,139388,1,1596
924,140290,2,1597
924,140374,3,1598
925,139803,1,1599
926,138232,1,1600
927,138233,1,1601
927,139949,2,1602
928,139392,1,1603
929,140436,1,1604
930,140437,1,1605
931,139818,1,1606
932,140047,1,1607
933,138858,1,1608
934,138859,1,1609
934,138860,2,1610
935,138861,1,1611
935,138862,2,1612
936,139897,1,1613
937,139734,1,1614
938,140372,1,1615
939,139474,1,1616
940,140539,1,1617
941,138863,1,1618
942,138180,1,1619
942,139471,2,1620
943,138181,1,1621
943,140292,2,1622
943,140386,3,1623
944,138182,1,1624
945,138183,1,1625
945,139618,2,1626
945,139703,3,1627
945,139875,4,1628
945,140236,5,1629
945,140273,6,1630
945,140307,7,1631
945,140412,8,1632
945,140499,9,1633
946,139653,1,1634
947,138184,1,1635
948,138185,1,1636
949,138179,1,1637
950,138186,1,1638
950,139619,2,1639
950,139636,3,1640
950,140059,4,1641
950,140075,5,1642
950,140078,6,1643
950,140185,7,1644
951,138187,1,1645
951,139751,2,1646
951,140475,3,1647
952,138188,1,1648
953,138189,1,1649
954,140158,1,1650
955,140157,1,1651
956,140489,1,1652
956,140523,2,1653
957,138865,1,1654
958,138867,1,1655
959,138868,1,1656
960,139390,1,1657
961,138869,1,1658
961,138870,2,1659
961,138871,3,1660
961,138872,4,1661
961,138873,5,1662
961,138874,6,1663
962,139733,1,1664
963,140137,1,1665
964,140225,1,1666
965,140477,1,1667
966,138875,1,1668
967,140111,1,1669
968,139956,1,1670
968,139984,2,1671
969,139410,1,1672
970,138876,1,1673
971,138877,1,1674
972,140208,1,1675
973,138878,1,1676
974,138879,1,1677
975,139467,1,1678
976,140164,1,1679
977,138881,1,1680
977,139953,2,1681
977,140212,3,1682
978,138882,1,1683
978,138883,2,1684
978,139607,3,1685
979,138880,1,1686
979,140062,2,1687
980,138884,1,1688
980,138885,2,1689
980,140255,3,1690
981,139475,1,1691
982,138866,1,1692
983,138887,1,1693
984,140354,1,1694
985,138888,1,1695
986,140553,1,1696
987,139963,1,1697
988,139939,1,1698
989,140304,1,1699
990,140305,1,1700
991,140390,1,1701
992,138889,1,1702
992,138890,2,1703
992,138891,3,1704
992,138892,4,1705
992,139745,5,1706
993,140129,1,1707
994,138893,1,1708
994,138894,2,1709
995,138895,1,1710
996,140505,1,1711
997,140277,1,1712
998,140470,1,1713
999,138896,1,1714
999,138897,2,1715
1000,138898,1,1716
1000,140497,2,1717
1001,139842,1,1718
1002,140327,1,1719
1002,140419,2,1720
1003,138899,1,1721
1003,138900,2,1722
1004,138901,1,1723
1005,138913,1,1724
1005,138914,2,1725
1005,139422,3,1726
1006,138910,1,1727
1006,138911,2,1728
1006,140405,3,1729
1007,138912,1,1730
1008,138902,1,1731
1008,138903,2,1732
1008,138904,3,1733
1008,138905,4,1734
1008,138906,5,1735
1008,138907,6,1736
1008,138908,7,1737
1008,138909,8,1738
1008,139947,9,1739
1008,140398,10,1740
1008,140464,11,1741
1009,139547,1,1742
1010,138917,1,1743
1011,138915,1,1744
1011,138916,2,1745
1011,140076,3,1746
1011,140246,4,1747
1012,139739,1,1748
1013,139555,1,1749
1014,140547,1,1750
1015,139672,1,1751
1016,138918,1,1752
1017,138919,1,1753
1017,138920,2,1754
1017,138921,3,1755
1017,139588,4,1756
1017,139909,5,1757
1017,140054,6,1758
1017,140209,7,1759
1017,140418,8,1760
1018,139623,1,1761
1018,139738,2,1762
1018,140037,3,1763
1018,140242,4,1764
1019,138922,1,1765
1020,138923,1,1766
1021,140467,1,1767
1022,138924,1,1768
1023,138925,1,1769
1024,140260,1,1770
1025,140274,1,1771
1026,139871,1,1772
1027,138937,1,1773
1027,140369,2,1774
1028,138939,1,1775
1029,138940,1,1776
1030,138938,1,1777
1031,140296,1,1778
1031,140370,2,1779
1032,138933,1,1780
1033,140393,1,1781
1034,138941,1,1782
1035,139631,1,1783
1036,138942,1,1784
1036,138943,2,1785
1036,139409,3,1786
1037,138934,1,1787
1038,138944,1,1788
1039,139656,1,1789
1040,139560,1,1790
1041,138945,1,1791
1042,140295,1,1792
1043,138946,1,1793
1043,139454,2,1794
1044,138935,1,1795
1044,139486,2,1796
1044,139911,3,1797
1044,140294,4,1798
1045,138947,1,1799
1046,138948,1,1800
1047,138949,1,1801
1047,138950,2,1802
1047,138951,3,1803
1048,138952,1,1804
1049,138953,1,1805
1049,139542,2,1806
1050,139498,1,1807
1051,138928,1,1808
1051,138929,2,1809
1051,138930,3,1810
1051,138931,4,1811
1051,138932,5,1812
1051,139453,6,1813
1052,138954,1,1814
1053,139779,1,1815
1053,139849,2,1816
1053,140270,3,1817
1054,138955,1,1818
1054,139515,2,1819
1055,139670,1,1820
1055,139822,2,1821
1056,138956,1,1822
1057,139778,1,1823
1058,138957,1,1824
1059,138958,1,1825
1059,138959,2,1826
1059,138960,3,1827
1059,138961,4,1828
1060,138969,1,1829
1061,139921,1,1830
1062,138973,1,1831
1062,140178,2,1832
1063,138974,1,1833
1064,139570,1,1834
1065,138975,1,1835
1066,138970,1,1836
1066,138971,2,1837
1066,138972,3,1838
1066,139425,4,1839
1066,140166,5,1840
1067,140525,1,1841
1068,138976,1,1842
1068,140284,2,1843
1069,140311,1,1844
1070,138977,1,1845
1070,138978,2,1846
1070,140044,3,1847
1070,140102,4,1848
1070,140297,5,1849
1071,138979,1,1850
1072,140322,1,1851
1073,140559,1,1852
1074,138302,1,1853
1075,140182,1,1854
1076,138305,1,1855
1077,139894,1,1856
1078,139978,1,1857
1078,140116,2,1858
1079,140235,1,1859
1080,139664,1,1860
1081,139675,1,1861
1082,139754,1,1862
1083,138981,1,1863
1084,138995,1,1864
1085,138996,1,1865
1086,138997,1,1866
1087,139834,1,1867
1088,138998,1,1868
1089,139761,1,1869
1090,138999,1,1870
1090,139746,2,1871
1090,140118,3,1872
1091,140451,1,1873
1092,139001,1,1874
1093,139000,1,1875
1093,139439,2,1876
1094,139002,1,1877
1095,139003,1,1878
1096,139004,1,1879
1097,140239,1,1880
1098,139005,1,1881
1099,140254,1,1882
1100,140143,1,1883
1101,139006,1,1884
1102,139007,1,1885
1102,139008,2,1886
1103,139009,1,1887
1104,139892,1,1888
1105,139010,1,1889
1106,139011,1,1890
1107,139012,1,1891
1108,139013,1,1892
1109,139714,1,1893
1110,138980,1,1894
1111,140428,1,1895
1112,140410,1,1896
1113,139446,1,1897
1114,140389,1,1898
1115,139816,1,1899
1116,139731,1,1900
1117,139546,1,1901
1118,139888,1,1902
1119,138799,1,1903
1120,140356,1,1904
1121,138800,1,1905
1121,139552,2,1906
1122,140023,1,1907
1123,140139,1,1908
1123,140188,2,1909
1124,139039,1,1910
1125,139767,1,1911
1126,139041,1,1912
1127,139934,1,1913
1128,139043,1,1914
1129,140330,1,1915
1130,139042,1,1916
1131,139044,1,1917
1132,139045,1,1918
1133,140073,1,1919
1134,139046,1,1920
1134,139047,2,1921
1134,139756,3,1922
1134,140302,4,1923
1135,139950,1,1924
1136,140484,1,1925
1137,139793,1,1926
1138,140303,1,1927
1139,139048,1,1928
1140,139049,1,1929
1141,139050,1,1930
1142,139457,1,1931
1143,139706,1,1932
1144,140096,1,1933
1145,139414,1,1934
1146,139052,1,1935
1147,140316,1,1936
1148,140493,1,1937
1149,139053,1,1938
1150,139054,1,1939
1150,139817,2,1940
1150,139839,3,1941
1150,139890,4,1942
1151,139055,1,1943
1151,139056,2,1944
1151,140394,3,1945
1151,140526,4,1946
1152,139057,1,1947
1153,139634,1,1948
1154,139058,1,1949
1154,140321,2,1950
1155,139403,1,1951
1156,140234,1,1952
1157,139637,1,1953
1158,139062,1,1954
1159,139063,1,1955
1159,139064,2,1956
1159,139065,3,1957
1159,140066,4,1958
1160,139066,1,1959
1161,139067,1,1960
1162,139068,1,1961
1163,139812,1,1962
1164,139069,1,1963
1165,139397,1,1964
1166,139070,1,1965
1167,139601,1,1966
1168,140478,1,1967
1169,139059,1,1968
1169,139060,2,1969
1169,139061,3,1970
1169,140226,4,1971
1169,140333,5,1972
1169,140500,6,1973
1170,140145,1,1974
1171,140135,1,1975
1171,140460,2,1976
1172,139071,1,1977
1172,139072,2,1978
1172,139073,3,1979
1173,139074,1,1980
1173,139564,2,1981
1173,139886,3,1982
1173,139887,4,1983
1174,139075,1,1984
1174,139076,2,1985
1174,139863,3,1986
1175,139077,1,1987
1176,139496,1,1988
1177,139579,1,1989
1178,139078,1,1990
1179,139784,1,1991
1180,139079,1,1992
1181,139080,1,1993
1182,139082,1,1994
1183,139083,1,1995
1184,139081,1,1996
1185,140000,1,1997
1186,139084,1,1998
1187,139085,1,1999
1188,140384,1,2000
1189,139727,1,2001
1190,139924,1,2002
1191,139086,1,2003
1192,140301,1,2004
1193,139087,1,2005
1194,140067,1,2006
1195,139088,1,2007
1195,139089,2,2008
1196,139092,1,2009
1197,139443,1,2010
1198,139093,1,2011
1199,139094,1,2012
1200,139095,1,2013
1201,139744,1,2014
1202,139509,1,2015
1202,140361,2,2016
1203,140492,1,2017
1204,139608,1,2018
1205,140376,1,2019
1206,139575,1,2020
1207,139510,1,2021
1208,139394,1,2022
1209,140002,1,2023
1210,139103,1,2024
1210,139104,2,2025
1210,139105,3,2026
1210,139395,4,2027
1211,139713,1,2028
1212,139106,1,2029
1213,139387,1,2030
1214,139107,1,2031
1215,139108,1,2032
1216,140351,1,2033
1217,140098,1,2034
1218,140306,1,2035
1219,140379,1,2036
1220,139109,1,2037
1221,139110,1,2038
1222,139112,1,2039
1223,139113,1,2040
1224,139452,1,2041
1225,139111,1,2042
1225,139451,2,2043
1226,139114,1,2044
1227,139693,1,2045
1228,139115,1,2046
1228,139116,2,2047
1228,139478,3,2048
1228,139504,4,2049
1229,140173,1,2050
1230,139117,1,2051
1231,139118,1,2052
1232,140117,1,2053
1233,139120,1,2054
1234,139119,1,2055
1235,139384,1,2056
1236,139132,1,2057
1236,139133,2,2058
1237,140529,1,2059
1238,140380,1,2060
1239,139137,1,2061
1240,139138,1,2062
1241,139139,1,2063
1241,139521,2,2064
1242,139140,1,2065
1242,139141,2,2066
1243,139142,1,2067
1243,139143,2,2068
1244,139144,1,2069
1244,139145,2,2070
1244,139146,3,2071
1244,139814,4,2072
1244,139944,5,2073
1245,139147,1,2074
1246,139134,1,2075
1246,139135,2,2076
1246,140136,3,2077
1247,139136,1,2078
1248,139148,1,2079
1249,139149,1,2080
1249,139150,2,2081
1249,139151,3,2082
1249,139522,4,2083
1249,139581,5,2084
1249,139582,6,2085
1250,139128,1,2086
1251,139124,1,2087
1252,139122,1,2088
1253,139125,1,2089
1254,139126,1,2090
1254,140156,2,2091
1255,139442,1,2092
1256,139127,1,2093
1257,139123,1,2094
1258,139668,1,2095
1259,140383,1,2096
1260,139152,1,2097
1261,139647,1,2098
1262,139605,1,2099
1262,140028,2,2100
1262,140095,3,2101
1263,140222,1,2102
1264,139508,1,2103
1265,139153,1,2104
1266,140279,1,2105
1267,139154,1,2106
1268,139155,1,2107
1269,139156,1,2108
1270,139157,1,2109
1271,139158,1,2110
1272,139159,1,2111
1273,139160,1,2112
1274,140401,1,2113
1275,139161,1,2114
1275,139162,2,2115
1275,139163,3,2116
1275,139164,4,2117
1275,139165,5,2118
1275,139166,6,2119
1275,139765,7,2120
1276,140064,1,2121
1277,139167,1,2122
1277,139495,2,2123
1277,139519,3,2124
1278,139810,1,2125
1279,140402,1,2126
1280,139168,1,2127
1280,139468,2,2128
1281,139169,1,2129
1282,139926,1,2130
1283,139792,1,2131
1284,140271,1,2132
1285,139431,1,2133
1286,140424,1,2134
1287,139776,1,2135
1288,139170,1,2136
1289,139171,1,2137
1290,139914,1,2138
1291,139642,1,2139
1292,139573,1,2140
1293,139408,1,2141
1294,139172,1,2142
1294,139173,2,2143
1294,139174,3,2144
1294,139621,4,2145
1294,139723,5,2146
1294,139789,6,2147
1294,139985,7,2148
1294,140298,8,2149
1295,140189,1,2150
1296,139175,1,2151
1297,139574,1,2152
1298,139176,1,2153
1298,139177,2,2154
1299,139178,1,2155
1299,140317,2,2156
1300,139633,1,2157
1301,140128,1,2158
1302,139179,1,2159
1303,139180,1,2160
1303,139181,2,2161
1304,140197,1,2162
1305,138380,1,2163
1306,138381,1,2164
1306,138382,2,2165
1307,138383,1,2166
1308,139440,1,2167
1309,139782,1,2168
1310,138386,1,2169
1311,138387,1,2170
1312,138388,1,2171
1313,138389,1,2172
1313,138390,2,2173
1313,140097,3,2174
1314,138391,1,2175
1315,139692,1,2176
1316,138379,1,2177
1317,138392,1,2178
1318,139292,1,2179
1319,139873,1,2180
1319,139961,2,2181
1320,139182,1,2182
1320,139183,2,2183
1320,139700,3,2184
1320,140092,4,2185
1321,139412,1,2186
1321,139436,2,2187
1321,139989,3,2188
1322,139905,1,2189
1322,140263,2,2190
1323,139184,1,2191
1324,138341,1,2192
1324,140396,2,2193
1325,140200,1,2194
1326,140201,1,2195
1327,138192,1,2196
1328,139187,1,2197
1329,138259,1,2198
1329,138260,2,2199
1329,138261,3,2200
1329,138262,4,2201
1329,138263,5,2202
1329,140125,6,2203
1330,138264,1,2204
1331,138265,1,2205
1332,138266,1,2206
1333,138268,1,2207
1333,138269,2,2208
1333,138270,3,2209
1333,138271,4,2210
1333,138272,5,2211
1333,138273,6,2212
1333,138274,7,2213
1333,138275,8,2214
1333,138276,9,2215
1333,138277,10,2216
1333,138278,11,2217
1333,138279,12,2218
1333,138280,13,2219
1333,138281,14,2220
1333,138282,15,2221
1333,138283,16,2222
1334,138267,1,2223
1335,138284,1,2224
1336,140358,1,2225
1337,138285,1,2226
1337,138286,2,2227
1337,138287,3,2228
1337,140115,4,2229
1338,138288,1,2230
1339,138289,1,2231
1340,139461,1,2232
1341,139428,1,2233
1342,139532,1,2234
1343,139757,1,2235
1344,138295,1,2236
1344,138296,2,2237
1344,138297,3,2238
1344,138298,4,2239
1344,138299,5,2240
1345,138801,1,2241
1346,139188,1,2242
1346,139189,2,2243
1347,139190,1,2244
1348,140120,1,2245
1349,140540,1,2246
1350,139742,1,2247
1351,139192,1,2248
1352,140204,1,2249
1353,140218,1,2250
1354,139938,1,2251
1355,139795,1,2252
1356,139193,1,2253
1357,139598,1,2254
1358,139469,1,2255
1359,139194,1,2256
1359,139195,2,2257
1360,139196,1,2258
1360,139197,2,2259
1360,139198,3,2260
1360,139590,4,2261
1361,139200,1,2262
1362,139201,1,2263
1363,139204,1,2264
1363,139205,2,2265
1363,140051,3,2266
1364,139900,1,2267
1365,138328,1,2268
1366,140261,1,2269
1367,138329,1,2270
1367,140177,2,2271
1368,138330,1,2272
1369,138331,1,2273
1369,140328,2,2274
1370,138153,1,2275
1371,138154,1,2276
1372,138155,1,2277
1373,138156,1,2278
1374,138157,1,2279
1375,139538,1,2280
1376,139539,1,2281
1377,140375,1,2282
1378,138165,1,2283
1379,139611,1,2284
1380,138166,1,2285
1381,139735,1,2286
1382,140343,1,2287
1382,140506,2,2288
1383,138167,1,2289
1384,140147,1,2290
1385,139206,1,2291
1386,140186,1,2292
1387,139770,1,2293
1388,140336,1,2294
1389,139774,1,2295
1390,139603,1,2296
1391,139202,1,2297
1392,139203,1,2298
1393,140045,1,2299
1393,140449,2,2300
1394,139207,1,2301
1395,139945,1,2302
1396,139199,1,2303
1397,140381,1,2304
1398,139208,1,2305
1399,139427,1,2306
1400,140486,1,2307
1401,140416,1,2308
1402,139937,1,2309
1403,139965,1,2310
1404,139209,1,2311
1405,139971,1,2312
1406,139902,1,2313
1407,140130,1,2314
1408,140456,1,2315
1409,139210,1,2316
1410,139211,1,2317
1410,140288,2,2318
1411,139212,1,2319
1412,139712,1,2320
1412,140362,2,2321
1412,140408,3,2322
1413,139213,1,2323
1413,140471,2,2324
1413,140556,3,2325
1414,139393,1,2326
1415,139214,1,2327
1415,139215,2,2328
1416,139616,1,2329
1416,139628,2,2330
1416,140131,3,2331
1416,140391,4,2332
1417,140366,1,2333
1418,139216,1,2334
1419,139217,1,2335
1420,139219,1,2336
1420,140266,2,2337
1421,140341,1,2338
1422,139220,1,2339
1423,140339,1,2340
1424,139231,1,2341
1425,139232,1,2342
1426,139233,1,2343
1427,139234,1,2344
1428,139458,1,2345
1429,139235,1,2346
1430,140432,1,2347
1431,139230,1,2348
1432,139503,1,2349
1433,140230,1,2350
1434,139221,1,2351
1435,139229,1,2352
1436,139222,1,2353
1436,139223,2,2354
1436,139224,3,2355
1436,139225,4,2356
1436,139226,5,2357
1436,139227,6,2358
1436,139891,7,2359
1436,139932,8,2360
1436,140006,9,2361
1436,140421,10,2362
1436,140450,11,2363
1436,140483,12,2364
1436,140503,13,2365
1437,139228,1,2366
1438,139726,1,2367
1439,140338,1,2368
1439,140344,2,2369
1439,140465,3,2370
1440,139236,1,2371
1441,140168,1,2372
1442,139596,1,2373
1443,139852,1,2374
1443,140127,2,2375
1444,139237,1,2376
1445,138775,1,2377
1445,140438,2,2378
1446,140365,1,2379
1447,139238,1,2380
1448,139239,1,2381
1449,139819,1,2382
1450,139240,1,2383
1451,139246,1,2384
1452,139247,1,2385
1453,139248,1,2386
1454,139249,1,2387
1455,139250,1,2388
1456,140077,1,2389
1457,139251,1,2390
1457,139933,2,2391
1457,140407,3,2392
1458,140435,1,2393
1458,140485,2,2394
1459,139252,1,2395
1460,139253,1,2396
1461,140411,1,2397
1462,139254,1,2398
1463,139255,1,2399
1464,140249,1,2400
1465,139923,1,2401
1466,139483,1,2402
1467,139861,1,2403
1468,139256,1,2404
1468,139862,2,2405
1469,140551,1,2406
1470,138194,1,2407
1470,138195,2,2408
1471,139257,1,2409
1471,139258,2,2410
1472,140440,1,2411
1473,139259,1,2412
1474,140532,1,2413
1475,139260,1,2414
1476,139644,1,2415
1477,139262,1,2416
1478,139263,1,2417
1478,139264,2,2418
1479,139266,1,2419
1479,139407,2,2420
1480,139267,1,2421
1480,139268,2,2422
1480,140406,3,2423
1480,140434,4,2424
1481,139269,1,2425
1481,139270,2,2426
1482,139406,1,2427
1483,139271,1,2428
1484,140123,1,2429
1485,139775,1,2430
1486,139794,1,2431
1486,140286,2,2432
1487,139459,1,2433
1488,140220,1,2434
1489,139273,1,2435
1490,139973,1,2436
1491,139265,1,2437
1492,139910,1,2438
1493,139274,1,2439
1494,139275,1,2440
1494,139276,2,2441
1495,139272,1,2442
1496,140423,1,2443
1497,139277,1,2444
1498,139708,1,2445
1499,140476,1,2446
1500,140459,1,2447
1501,139286,1,2448
1501,139287,2,2449
1502,140349,1,2450
1503,140331,1,2451
1504,139278,1,2452
1504,139279,2,2453
1504,139280,3,2454
1504,139281,4,2455
1504,139282,5,2456
1504,139719,6,2457
1504,139858,7,2458
1504,139942,8,2459
1505,139283,1,2460
1506,139284,1,2461
1507,139285,1,2462
1507,140445,2,2463
1508,140251,1,2464
1509,139927,1,2465
1510,139290,1,2466
1511,139807,1,2467
1512,139718,1,2468
1513,140444,1,2469
1514,139291,1,2470
1515,139288,1,2471
1516,139806,1,2472
1517,139289,1,2473
1517,139717,2,2474
1518,138685,1,2475
1519,140114,1,2476
1520,138708,1,2477
1521,139791,1,2478
1522,138709,1,2479
1522,138710,2,2480
1522,138711,3,2481
1522,138712,4,2482
1522,138713,5,2483
1522,138714,6,2484
1522,140399,7,2485
1522,140404,8,2486
1522,140507,9,2487
1523,138715,1,2488
1524,138716,1,2489
1525,138717,1,2490
1526,138718,1,2491
1526,138719,2,2492
1526,138720,3,2493
1526,138721,4,2494
1526,139844,5,2495
1526,140072,6,2496
1527,139426,1,2497
1528,138722,1,2498
1529,140541,1,2499
1530,139293,1,2500
1531,139488,1,2501
1532,140535,1,2502
1533,139808,1,2503
1534,139736,1,2504
1535,140415,1,2505
1536,139724,1,2506
1537,139658,1,2507
1537,139829,2,2508
1538,139297,1,2509
1539,139298,1,2510
1539,139299,2,2511
1539,139300,3,2512
1539,140190,4,2513
1540,139301,1,2514
1541,139294,1,2515
1541,139295,2,2516
1541,139296,3,2517
1542,139302,1,2518
1543,139303,1,2519
1544,139901,1,2520
1545,139304,1,2521
1546,140509,1,2522
1547,139577,1,2523
1548,139992,1,2524
1548,140080,2,2525
1548,140195,3,2526
1548,140215,4,2527
1549,138344,1,2528
1550,138345,1,2529
1550,139576,2,2530
1551,138346,1,2531
1551,138347,2,2532
1551,139715,3,2533
1552,139805,1,2534
1553,139895,1,2535
1554,138348,1,2536
1555,138864,1,2537
1556,139336,1,2538
1557,139305,1,2539
1558,139492,1,2540
1559,140472,1,2541
1560,138205,1,2542
1561,138207,1,2543
1562,140202,1,2544
1563,138208,1,2545
1563,139604,2,2546
1564,139419,1,2547
1565,140481,1,2548
1566,138209,1,2549
1566,138210,2,2550
1566,138211,3,2551
1566,138212,4,2552
1566,139391,5,2553
1566,139689,6,2554
1566,139872,7,2555
1566,140325,8,2556
1567,138213,1,2557
1567,138214,2,2558
1567,138215,3,2559
1567,138216,4,2560
1567,138217,5,2561
1567,139899,6,2562
1568,138218,1,2563
1569,139421,1,2564
1570,139420,1,2565
1571,138219,1,2566
1571,140357,2,2567
1572,138206,1,2568
1573,139567,1,2569
1574,138221,1,2570
1575,138222,1,2571
1576,138220,1,2572
1577,138223,1,2573
1577,139500,2,2574
1577,140191,3,2575
1578,138224,1,2576
1579,140324,1,2577
1580,140326,1,2578
1581,139306,1,2579
1582,140462,1,2580
1583,139417,1,2581
1584,139307,1,2582
1585,139014,1,2583
1585,139015,2,2584
1585,140250,3,2585
1586,139016,1,2586
1587,139017,1,2587
1587,139018,2,2588
1588,139019,1,2589
1588,139020,2,2590
1588,139021,3,2591
1589,140217,1,2592
1590,139022,1,2593
1590,139023,2,2594
1590,139024,3,2595
1590,139025,4,2596
1590,139898,5,2597
1591,140107,1,2598
1592,139026,1,2599
1592,139753,2,2600
1592,140520,3,2601
1593,139027,1,2602
1593,139660,2,2603
1594,139028,1,2604
1594,139416,2,2605
1595,139029,1,2606
1595,139030,2,2607
1595,139031,3,2608
1595,139032,4,2609
1595,139830,5,2610
1595,139843,6,2611
1596,139033,1,2612
1597,140004,1,2613
1598,139034,1,2614
1598,140550,2,2615
1599,140103,1,2616
1600,139554,1,2617
1601,139035,1,2618
1601,140299,2,2619
1602,139036,1,2620
1603,139037,1,2621
1604,139038,1,2622
1604,140016,2,2623
1605,139650,1,2624
1606,139801,1,2625
1607,139308,1,2626
1607,139702,2,2627
1608,139855,1,2628
1609,139309,1,2629
1610,139311,1,2630
1611,140040,1,2631
1612,139802,1,2632
1613,139449,1,2633
1614,139312,1,2634
1615,139720,1,2635
1616,138815,1,2636
1617,138816,1,2637
1618,140501,1,2638
1619,139485,1,2639
1620,139982,1,2640
1621,139314,1,2641
1622,139313,1,2642
1623,139318,1,2643
1624,139315,1,2644
1624,139316,2,2645
1625,139571,1,2646
1626,139319,1,2647
1626,139320,2,2648
1626,139321,3,2649
1626,139322,4,2650
1626,139960,5,2651
1626,140265,6,2652
1627,139662,1,2653
1628,139462,1,2654
1628,140313,2,2655
1629,139323,1,2656
1630,139952,1,2657
1631,139324,1,2658
1631,139325,2,2659
1631,139326,3,2660
1631,139327,4,2661
1631,140170,5,2662
1631,140253,6,2663
1631,140314,7,2664
1632,139328,1,2665
1632,139329,2,2666
1633,139917,1,2667
1634,139330,1,2668
1635,139332,1,2669
1635,140211,2,2670
1635,140248,3,2671
1636,139381,1,2672
1637,139331,1,2673
1638,139333,1,2674
1639,139317,1,2675
1640,139334,1,2676
1641,139591,1,2677
1642,139981,1,2678
1643,139186,1,2679
1644,139335,1,2680
1645,140180,1,2681
1646,140359,1,2682
1647,139797,1,2683
1648,140126,1,2684
1649,140071,1,2685
1650,139455,1,2686
1650,139828,2,2687
1651,140101,1,2688
1652,140337,1,2689
1653,139594,1,2690
1654,139339,1,2691
1655,139338,1,2692
1656,139704,1,2693
1657,139340,1,2694
1657,139476,2,2695
1657,140005,3,2696
1657,140323,4,2697
1658,139341,1,2698
1659,139663,1,2699
1659,140094,2,2700
1659,140167,3,2701
1660,139342,1,2702
1660,140083,2,2703
1661,140121,1,2704
1662,139344,1,2705
1663,139343,1,2706
1664,139345,1,2707
1665,140558,1,2708
1666,139869,1,2709
1667,139593,1,2710
1667,139671,2,2711
1667,139986,3,2712
1668,140229,1,2713
1668,140417,2,2714
1669,140453,1,2715
1670,139357,1,2716
1670,139358,2,2717
1670,140024,3,2718
1671,139359,1,2719
1672,139545,1,2720
1673,140463,1,2721
1674,139526,1,2722
1675,139376,1,2723
1676,140169,1,2724
1677,139377,1,2725
1677,139878,2,2726
1677,139946,3,2727
1678,139870,1,2728
1679,139378,1,2729
1680,139698,1,2730
1680,140032,2,2731
1681,139725,1,2732
1682,140140,1,2733
1683,140518,1,2734
1684,139356,1,2735
1685,139772,1,2736
1686,139527,1,2737
1687,139931,1,2738
1688,139413,1,2739
1689,140309,1,2740
1690,139681,1,2741
1691,140161,1,2742
1692,139379,1,2743
1693,138169,1,2744
1694,138170,1,2745
1694,139974,2,2746
1695,139730,1,2747
1696,140243,1,2748
1697,139918,1,2749
1698,139649,1,2750
1699,138171,1,2751
1699,140439,2,2752
1700,138172,1,2753
1701,138168,1,2754
1702,139729,1,2755
1702,139846,2,2756
1703,140287,1,2757
1704,139903,1,2758
1705,139615,1,2759
1706,139904,1,2760
1706,140207,2,2761
1707,139614,1,2762
1708,138174,1,2763
1708,138175,2,2764
1708,138176,3,2765
1708,139710,4,2766
1708,139780,5,2767
1709,139760,1,2768
1710,139557,1,2769
1711,139613,1,2770
1712,138173,1,2771
1713,138177,1,2772
1714,138178,1,2773
1715,139612,1,2774
1716,139823,1,2775
1717,139399,1,2776
1718,140065,1,2777
1719,140474,1,2778
1720,140457,1,2779
1720,140473,2,2780
1721,140458,1,2781
1722,138190,1,2782
1723,139941,1,2783
1724,140487,1,2784
1725,138191,1,2785
1726,140153,1,2786
1727,139836,1,2787
1728,140160,1,2788
1729,139907,1,2789
1730,138193,1,2790
1731,140347,1,2791
1732,140433,1,2792
1733,138196,1,2793
1733,138197,2,2794
1733,138198,3,2795
1733,138199,4,2796
1733,138200,5,2797
1733,138201,6,2798
1733,138202,7,2799
1733,139740,8,2800
1733,139777,9,2801
1733,139881,10,2802
1733,139893,11,2803
1733,140221,12,2804
1734,139832,1,2805
1735,140312,1,2806
1736,138203,1,2807
1737,138204,1,2808
1738,139811,1,2809
1739,138225,1,2810
1739,138226,2,2811
1739,140514,3,2812
1740,138228,1,2813
1741,138229,1,2814
1742,140124,1,2815
1743,138230,1,2816
1744,140536,1,2817
1745,138231,1,2818
1745,140308,2,2819
1745,140403,3,2820
1746,138234,1,2821
1747,139957,1,2822
1748,138236,1,2823
1749,139586,1,2824
1750,138237,1,2825
1751,138235,1,2826
1752,138238,1,2827
1753,138239,1,2828
1754,138240,1,2829
1755,139401,1,2830
1756,140549,1,2831
1757,139566,1,2832
1758,139516,1,2833
1759,138241,1,2834
1760,140480,1,2835
1761,140146,1,2836
1762,138242,1,2837
1763,138243,1,2838
1764,138244,1,2839
1765,139630,1,2840
1766,138245,1,2841
1766,138246,2,2842
1766,139472,3,2843
1766,139864,4,2844
1766,140138,5,2845
1767,139975,1,2846
1768,138247,1,2847
1769,139769,1,2848
1770,139813,1,2849
1771,140377,1,2850
1772,138248,1,2851
1773,138249,1,2852
1774,138250,1,2853
1775,138252,1,2854
1776,139958,1,2855
1776,140179,2,2856
1776,140206,3,2857
1776,140210,4,2858
1776,140231,5,2859
1776,140247,6,2860
1776,140275,7,2861
1777,138253,1,2862
1778,138254,1,2863
1778,139959,2,2864
1779,138251,1,2865
1780,138255,1,2866
1781,139506,1,2867
1781,140038,2,2868
1781,140048,3,2869
1782,138256,1,2870
1782,140035,2,2871
1783,140193,1,2872
1784,140058,1,2873
1785,139484,1,2874
1786,138257,1,2875
1787,138258,1,2876
1788,139699,1,2877
1789,138300,1,2878
1790,138301,1,2879
1791,138306,1,2880
